epi_weeks,cases,avg_temp,avg_humid
1,5,27.4345237143,64.1421227143
2,9,27.2800671429,56.2927498571
3,14,25.329972,65.6094307143
4,10,26.1551822857,62.7985294286
5,13,28.1619045714,49.4380955714
6,14,29.3316527143,48.1495801429
7,21,27.3706415714,53.0238257143
8,12,24.768254,64.2365097143
9,13,27.1273808571,57.4309532857
10,15,24.5198878571,69.532248
11,17,26.7884917143,60.3549608571
12,13,27.0058674286,58.8760197143
13,21,23.1174602857,67.4099764286
14,24,23.9418315714,73.3823822857
15,24,25.7646827143,62.3748018571
16,23,23.0916668571,76.0458328571
17,19,22.6897581429,70.6598742857
18,22,20.2902214286,59.1800174286
19,26,22.9452381429,61.8857147143
20,40,20.2061497143,62.085123
21,33,21.7467731429,69.30993
22,30,19.5795987143,70.8655114286
23,37,20.3398291429,68.7533808571
24,51,21.5827094286,68.7213034286
25,39,20.0783311429,72.2530014286
26,28,20.1428572857,64.9904758571
27,35,21.0522868571,60.6069561429
28,29,19.2108442857,73.4096037143
29,38,19.370238,62.579761
30,29,19.2010075714,64.9782964286
31,17,18.4218198571,69.5198118571
32,15,20.3231294286,54.7224497143
33,33,19.5957227143,63.7811034286
34,31,21.8818875714,60.6573131429
35,23,21.6996151429,56.9451682857
36,13,22.4476192857,56.0458337143
37,12,24.8635205714,43.5248301429
38,12,25.0282215714,54.7267858571
39,14,22.639791142900002,61.9627458571
40,12,22.7174995714,64.5612861429
41,11,24.2785244286,42.927358
42,3,28.954592,45.7208334286
43,7,24.2681972857,61.6706627143
44,7,25.8361612857,54.7880588571
45,4,25.8678571429,64.883929
46,2,23.6107641429,66.1342804286
47,4,25.2476191429,52.2997497143
48,18,24.5265144286,72.225013
49,18,25.9899748571,58.7888875714
50,49,25.9682777143,64.5030088571
51,97,26.0025374286,59.7800231429
52,96,26.9998718571,64.8982264286
53,60,28.7638655714,56.3339285714
54,409,27.7375001429,59.4815482857
55,623,29.704166999999998,54.4589285714
56,930,27.9859647143,57.2653422857
57,879,26.8312674286,63.6908261429
58,824,23.309582,76.0412677143
59,725,26.8860361429,67.6772764286
60,682,25.9967088571,67.544327
61,777,26.8551472857,61.907027
62,997,25.9017857143,64.4599201429
63,850,24.5482144286,76.0267854286
64,770,23.5757518571,76.3226315714
65,621,24.2424812857,71.2161657143
66,401,24.8095238571,69.5988668571
67,425,23.0836604286,69.1771235714
68,448,25.3047621429,63.7880938571
69,500,23.911631,75.3459501429
70,401,21.6706352857,68.2632927143
71,277,21.2913265714,70.2639475714
72,222,20.1273308571,72.0691864286
73,148,20.9196425714,71.3404757143
74,108,21.3888887143,70.6726194286
75,103,19.4952381429,77.98512
76,92,20.996819,65.8559942857
77,46,19.9446428571,73.9922614286
78,39,18.1115287143,73.4566428571
79,28,19.704511,68.7156642857
80,11,18.8190475714,73.1809525714
81,8,22.493001,60.6628421429
82,10,19.9034548571,68.9939312857
83,10,21.3678516667,63.5539625
84,5,22.1428572857,53.3904764286
85,4,21.9190475714,56.119048
86,5,22.6482142857,53.8285721429
87,8,20.487437,68.0917284286
88,3,22.2789842857,61.5217054286
89,5,20.792051999999998,74.6730745714
90,10,24.8648911429,60.1355648571
91,8,27.2248012857,50.9152778571
92,13,24.4807071429,70.5055677143
93,9,25.504762,58.5999997143
94,15,28.1804488571,52.5462458571
95,15,24.8405707143,65.0255008571
96,12,24.9771005714,65.6081695714
97,15,24.617708375,77.10059875
98,19,26.722221,66.7523138571
99,18,25.3427636667,71.9435093333
100,22,25.5310634286,68.310513
101,26,23.996904,77.9246291429
102,73,23.352041,79.5294342857
103,32,22.0125,84.175
104,40,21.9523808571,84.7857142857
105,29,23.1875,75.2321428571
106,65,21.8476188571,81.2476191429
107,62,22.5396827143,89.63492
108,80,19.5384614286,82.32967
109,74,22.5714285714,82.4717947143
110,113,28.3081631429,59.492261
111,142,25.9502222857,69.7018775714
112,129,22.4285714286,85.6380952857
113,143,21.7959182857,87.0306124286
114,127,20.8163264286,85.3367342857
115,119,21.5494504286,84.7032971429
116,137,21.1373625714,86.3406585714
117,138,20.7589285714,88.1517857143
118,204,20.6428571429,88.8571428571
119,186,21.8405611429,78.9477042857
120,183,25.2351646,70.718925
121,113,,
122,66,17.9761905,84.52381
123,48,13.0,91.0
124,57,18.4909092,83.9636368
125,34,17.8928571667,86.72619
126,11,15.9809524286,87.0
127,4,16.9489795714,88.4183671429
128,7,14.4761903333,90.8928566667
129,7,9.3571428571,88.0408161429
130,6,15.7428571429,83.4285714286
131,6,14.5238094286,87.8333337143
132,4,13.255102,83.2551014286
133,2,14.8673468571,81.8367347143
134,1,12.5934067143,82.2912085714
135,4,14.3910255,83.7948716667
136,5,18.0544215714,73.1741495714
137,1,15.4489795714,77.1428571429
138,4,16.60989,76.7142857143
139,3,16.887075,74.2204081429
140,7,19.4064625714,73.5153057143
141,2,18.0,78.6190478333
142,0,19.9489795714,69.6530614286
143,3,18.0476191667,74.1547616667
144,0,16.8,78.6
145,2,18.636364,69.772728
146,6,19.0879121429,83.6703295714
147,8,21.5824175714,81.6043957143
148,5,20.612245,78.122449
149,3,18.8482142857,80.6517857143
150,6,19.8392155714,84.3098034286
151,4,18.2307691667,87.9230766667
152,10,18.7346938571,82.22449
153,11,21.1697191667,77.5580588333
154,12,19.8823528571,81.5042014286
155,4,21.791667,78.416668
156,4,23.814285666700002,71.3206343333
157,30,23.7119046667,77.6714283333
158,23,23.0792778571,82.323391
159,15,21.2,91.7666666667
160,20,22.238961,84.54675399999999
161,20,23.0714286,82.3619048
162,12,22.3571428333,80.9166666667
163,14,22.878788,79.757576
164,23,23.7272725,72.840909
165,13,22.0545456,78.3090912
166,12,20.8666666667,89.4666666667
167,11,23.0,82.753846
168,25,21.9384616,84.446154
169,15,21.5,79.03846
170,18,19.1777776667,80.7333333333
171,7,19.3214285714,85.7142857143
172,8,22.9107694,79.963078
173,2,19.28846175,81.71153825
174,9,18.0833333333,90.6666666667
175,6,16.25,90.1818175
176,2,16.642857,85.625
177,10,17.2,84.1166666667
178,3,17.2,92.8
179,5,16.0,89.0
180,3,16.2857142857,88.2857142857
181,3,14.2051283333,90.628205
182,3,13.8333333333,93.0
183,3,12.4,92.8
184,3,11.5,87.6666666667
185,2,11.8,91.4
186,2,11.2,90.2
187,2,10.3333333333,91.5
188,4,10.3333333333,89.5
189,3,10.2,90.0
190,0,16.2,90.4
191,1,13.4285714286,89.7142857143
192,2,13.9642857143,86.6071428571
193,2,13.83928575,79.125
194,3,,
195,4,,
196,4,,
197,3,,
198,1,,
199,7,,
200,3,,
201,10,,
202,9,,
203,13,25.966666,61.673349
204,13,24.0285712857,73.9472431429
205,4,24.1238092857,68.8876991429
206,13,21.9619048571,83.1162121429
207,8,19.5,85.6159294286
208,9,21.3761904286,86.0779578571
209,7,21.3571428571,89.6264464286
210,5,21.0,85.8804128571
211,11,22.2809524286,81.3837091429
212,8,21.8000001429,85.1588278571
213,28,21.4190474286,88.4818077143
214,7,20.1428571429,89.5522628571
215,4,20.1809522857,86.5431052857
216,0,21.0,88.3773542857
217,7,21.5714285714,88.0050521429
218,3,24.1857142857,80.8849178571
219,7,21.7142857143,90.8264292857
220,3,21.4285714286,90.8197085714
221,10,21.6428571429,89.3142484286
222,1,20.5714285714,87.60002014290001
223,3,20.5,91.9677614286
224,4,19.0,90.7063958571
225,5,17.852381,87.3742722857
226,7,23.4952387143,69.1003228571
227,2,23.9619045714,64.0350775714
228,9,22.171428,69.1058531429
229,6,22.3142858571,72.9202471429
230,6,13.7411765,81.3902737143
231,7,14.1,87.5083007143
232,3,15.8571428571,88.8272514286
233,6,16.5,91.6194471429
234,7,14.4285714286,90.8900574286
235,8,12.0714285714,92.7575505714
236,5,13.0,92.4316302857
237,5,10.4285714286,90.9482078571
238,5,18.0095237143,69.4958448571
239,5,21.1904761429,62.8535067143
240,2,19.7142857143,73.5389308571
241,1,19.5238094286,69.0581774286
242,2,15.495238,81.531468
243,3,14.6428571429,91.2225994286
244,4,15.0714285714,88.5436442857
245,1,14.6632652857,85.2264197143
246,0,17.025974,81.2515224286
247,1,17.0238094286,93.062083
248,3,19.7142857143,87.92226
249,1,20.2857142857,84.5056837143
250,3,23.8053374286,79.36207
251,4,23.2430067143,77.7877932857
252,1,19.3571428571,88.3479135714
253,0,19.2142857143,88.3479995714
254,1,18.5714285714,94.7902734286
255,2,22.1428571429,85.2672408571
256,3,18.8571428571,92.4123677143
257,5,21.4505492857,84.6476765714
258,3,20.7582418571,86.6782234286
259,1,27.813187,52.9867801429
260,1,28.8571424286,64.0413441429
261,3,22.7967032857,82.6770062857
262,7,23.095238,88.874159
263,4,22.4285714286,86.8543757143
264,2,26.4725277143,71.4773732857
265,3,26.7802195714,71.8077052857
266,7,29.945055,55.2032932857
267,10,22.9255187143,81.6773295714
268,10,20.5714285714,93.24847
269,3,21.2857142857,94.4864478571
270,11,21.9285714286,92.8953871429
271,17,21.7142857143,92.9461471429
272,21,22.1428571429,90.8590542857
273,25,21.8928571429,90.5591142857
274,37,20.0,89.9327565714
275,49,20.5714285714,89.1378085714
276,46,21.5974025714,90.8335442857
277,59,20.7680892857,88.0698457143
278,66,21.2889611429,88.8548934286
279,108,19.7755102857,89.7381027143
280,100,18.8571428571,91.535222
281,106,20.6623377143,85.7442148571
282,108,16.6493505714,86.6334542857
283,80,14.8571428571,95.5791877143
284,31,14.1428571429,89.5134307143
285,49,13.6493505714,91.1390625714
286,26,13.8571428571,94.7440528571
287,21,13.1428571429,95.6315571429
288,10,16.3896102857,82.1287484286
289,6,8.7142857143,88.5583208571
290,5,10.6493505714,89.9853907143
291,3,10.7142857143,93.6593591429
292,5,13.9870128571,88.5006461429
293,3,13.4545454286,91.0237271429
294,6,13.2857142857,88.6606267143
295,4,15.077922,86.9072084286
296,7,15.1948051429,83.40408
297,7,17.4285714286,90.5583571429
298,6,17.0,90.9682644286
299,6,19.2142857143,83.3076585714
300,8,16.4285714286,88.0731745714
301,8,18.1428571429,81.2878008571
302,9,19.5714285714,85.6035
303,1,20.7142857143,77.6611001429
304,2,19.2142857143,80.0215085714
305,1,21.7857142857,77.3125685714
306,2,21.7142857143,78.1925978571
307,3,20.2857142857,82.221468
308,1,21.0408164286,77.5426562857
309,2,21.8265307143,69.7870412857
310,2,21.010204,79.7382102857
311,5,20.5714285714,80.9559342857
312,3,23.0,74.2016305714
313,0,22.2040817143,76.0063411429
314,7,24.690476,67.9679423333
315,6,27.8163267143,62.1487904286
316,6,26.1836735714,67.0615722857
317,9,24.642857,62.7931644286
318,18,28.4489798571,53.285215
319,4,22.833024,77.9353584286
320,22,20.1836735714,84.3490117143
321,22,22.1428571429,81.7330417143
322,15,20.4897958571,80.6879008571
323,19,19.4489795714,78.4070278571
324,22,24.908163,64.9100675714
325,13,25.6632652857,70.1004805714
326,8,24.3469384286,59.4338778571
327,10,25.510204,66.8036005714
328,6,23.2755104286,65.1344911429
329,16,22.8367347143,63.7877495714
330,12,23.3227038571,59.3258732857
331,18,23.4285714286,54.7906247143
332,8,20.8877547143,58.2519762857
333,15,20.3367342857,62.2625304286
334,10,22.7448977143,57.166351
335,14,17.2959181429,57.7922095714
336,7,20.6632655714,62.8421824286
337,11,23.1734691429,63.6021154286
338,15,20.6823651429,64.0018
339,7,20.1766091429,62.1759107143
340,5,19.0103608571,62.1232865714
341,10,20.952551,59.0860437143
342,10,20.9254321429,62.4033857143
343,12,21.7684458571,51.4661935714
344,3,21.4489798571,59.7241622857
345,1,20.4175824286,49.849063
346,3,24.2823651429,43.740513
347,4,19.1224492857,73.2418781429
348,0,20.8673471429,50.4255048571
349,2,25.1020407143,48.3722465714
350,5,27.4999998571,43.9227688571
351,4,27.4638412857,42.6442837143
352,4,22.5510205714,64.2793244286
353,1,28.9635797143,47.6843944286
354,4,26.756672000000002,62.907687
355,8,23.2530092857,66.1886477143
356,6,24.5714288571,62.4832617143
357,5,25.3296705714,64.2841008571
358,5,21.6554158571,66.1563288571
359,4,25.4505495714,70.44688
360,3,24.5876355714,70.4137518571
361,4,26.0431626667,61.2181336667
362,10,,
363,4,,
364,4,,
365,1,,
366,1,23.285714,83.24816
367,1,26.1593408571,71.3543848571
368,2,26.4693877143,74.0707657143
369,4,28.8037677143,58.0372051429
370,3,29.1084944286,55.5248914286
371,1,25.5062792857,75.0494542857
372,2,23.680534,75.6208371429
373,5,26.3846155714,70.4123802857
374,1,24.2012034286,75.1285052857
375,6,24.9506802857,72.8918328571
376,2,25.155547,73.8510134286
377,11,24.6177392857,77.8376681429
378,6,27.4599685714,65.8793422857
379,7,24.8938775714,67.70948
380,9,23.7671612857,66.570399
381,11,23.5081632857,64.6627662857
382,12,21.1237047143,74.864025
383,21,22.7362637143,65.9053711429
384,9,22.3940345714,65.2516077143
385,8,20.2653064286,73.3068907143
386,12,20.8163264286,72.1066837143
387,8,21.2653061429,67.2323897143
388,7,21.479592,73.6198334286
389,27,20.135414,78.7774851429
390,21,18.5612247143,72.783178
391,19,20.0612245714,70.0889997143
392,12,17.5714282857,63.887061
393,11,18.734694,65.4624868571
394,19,20.4693878571,61.7701917143
395,14,17.4489795714,58.1128795714
396,11,16.8163265714,62.0341272857
397,14,18.8580705714,64.5535998571
398,15,21.1038958571,62.7460955714
399,12,23.054847,61.7565241429
400,19,24.408163428599998,53.4712767143
401,12,23.2532708571,59.0115765714
402,20,25.6711145714,62.6092905714
403,19,26.0049187143,61.2573637143
404,6,24.4489797143,56.7667155714
405,3,26.112245,59.3114697143
406,8,22.6224491429,76.7128918571
407,2,23.7982735714,70.7019525714
408,3,21.2394034286,74.9960431429
409,0,22.510204,79.8024642857
410,0,24.2268447143,69.1030731429
411,3,22.0949765714,70.9955385714
412,3,24.7087911429,64.2341375714
413,22,25.7386187143,62.0402307143
414,4,26.3367347143,66.5613255714
415,3,23.8877551429,69.7768664286
416,11,26.2857145714,74.6445171429
417,27,25.2448977143,65.1694422857
418,7,24.1530611429,74.3152435714
419,7,24.4750565714,81.8293742857
420,16,24.4693878571,79.8668642857
421,14,28.1268397143,65.1606642857
422,4,28.1931974286,64.799788
423,1,25.1408164286,79.7547585714
424,1,24.3775508571,75.6677001429
425,2,25.6258502857,73.4670185714
426,6,27.8133501429,66.1306527143
427,7,28.9319728571,59.1981715714
428,12,28.734694,60.0475858571
429,22,25.8415815714,76.3627797143
430,20,24.572529,71.6791222857
431,28,25.017511,76.5538548571
432,18,24.1054422857,79.4771535714
433,23,23.5374148571,74.3891564286
434,46,22.9081632857,69.348836
435,40,23.2304125714,76.9909765714
436,53,21.7244898571,79.5717098571
437,50,21.2857142857,76.890038
438,56,17.5,71.793682
439,52,19.5863422857,68.7705857143
440,42,20.3040815714,79.6184012857
441,37,17.9267572857,86.0545387143
442,33,17.4489795714,70.3631155714
443,28,20.5612242857,70.5512651429
444,29,18.7193874286,72.8215018571
445,20,18.8367348571,67.5961714286
446,23,20.6141157143,67.7033754286
447,18,22.0306121429,66.9050398571
448,37,19.7678571429,68.0343332857
449,36,18.3612241429,74.8565797143
450,21,19.1938772857,74.4313934286
451,24,17.9214287143,71.7587971429
452,23,20.4081635714,64.4826194286
453,31,16.1632652857,74.8553355714
454,15,22.482993,61.1077257143
455,35,18.4273707143,86.84465
456,40,19.3374151429,73.3957285714
457,26,18.8231292857,86.3525035714
458,27,22.591836571400002,78.7677742857
459,50,25.4693878571,69.9307142857
460,16,24.0170068571,74.2848897143
461,20,25.122449,69.7116341429
462,25,20.429847,78.4280652857
463,28,21.6081635714,77.5391045714
464,36,23.1632652857,74.1598891429
465,15,24.1785715714,72.456695
466,26,23.7755105714,79.7171122857
467,23,25.0714284286,77.8261457143
468,17,23.9047618333,77.4627125
469,17,22.5178575,82.44815
470,17,22.6190476667,91.0624066667
471,31,22.744898,86.5923537143
472,40,24.7346937143,81.3240441429
473,10,26.3367347143,76.5481482857
474,25,26.4081632857,72.8050021429
475,33,25.9540815714,79.388703
476,40,25.4301411429,82.0833157143
477,39,26.83853665,76.6196073
478,45,26.175552963,77.4022522222
479,63,25.967376375,80.6247953333
480,76,24.35372876,83.9766332
481,79,24.6315754,78.8907696
482,105,27.2893772308,67.7115607692
483,138,24.97999984,77.48724496
484,170,23.0204081429,79.4899491429
485,189,22.9693874286,79.8380042857
486,176,23.0,71.0559525714
487,225,22.2513231481,74.0937740741
488,262,24.1493505,70.9034558182
489,245,21.779761625,76.1600501667
490,250,18.9031135769,67.9167385
491,266,20.72449,68.8756551429
492,227,18.6280422222,85.1144837037
493,175,15.6670285714,77.0633285714
494,190,18.1286571429,82.1165571429
495,149,18.0208331667,61.923935875
496,122,19.99999976,60.26347992
497,87,18.60571424,54.8336962
498,84,18.2128714286,72.8300428571
499,78,16.5450857143,83.3522571429
500,38,17.778757142899998,75.7666714286
501,66,16.8279714286,77.3684285714
502,49,19.3210142857,73.2792142857
503,43,19.2506714286,78.1048428571
504,66,19.6312285714,69.6512
505,56,17.0339428571,84.9305142857
506,63,20.8543714286,75.8237571429
507,97,20.3491285714,70.3861142857
508,130,22.3539285714,65.5940142857
509,79,22.0281714286,75.4901857143
510,106,22.2261285714,82.5777714286
511,110,21.5295571429,83.5508714286
512,127,20.2039857143,84.9546142857
513,162,21.7738285714,80.4543714286
514,122,22.4723428571,82.3753857143
515,148,21.1767142857,70.569
516,143,26.5000285714,66.2021285714
517,214,22.3581428571,85.6158285714
518,246,21.8582142857,82.4280428571
519,259,23.4274285714,84.2585
520,267,21.9651714286,79.6228571429
521,178,22.7460428571,78.3006142857
522,139,23.1295857143,79.6710714286
523,1504,20.7774571429,86.8159714286
524,1112,23.7803285714,80.5149142857
525,1268,24.296814285700002,81.8358142857
526,1239,20.4292571429,86.3400714286
527,1241,22.0025714286,83.6390714286
528,1388,22.7444571429,80.2598142857
529,1181,22.8286,81.7753
530,1435,22.2871428571,86.6052
531,1607,23.5173428571,82.7357857143
532,1116,22.8804285714,82.4174571429
533,734,23.9649,79.8621285714
534,653,23.6105285714,83.7371285714
535,607,19.9406714286,91.4698142857
536,900,21.8669285714,80.0790428571
537,618,21.3715571429,81.3279428571
538,445,20.7790428571,78.8819428571
539,400,21.1623285714,72.4651285714
540,379,23.1816285714,67.5612142857
541,264,22.0143142857,65.7776571429
542,292,21.3652714286,71.5048571429
543,274,20.4157285714,77.1975714286
544,137,16.4304428571,84.3126571429
545,136,17.1702285714,80.4000428571
546,121,18.0012428571,67.9912571429
547,83,17.8802428571,64.5634571429
548,70,19.0763714286,72.416
549,55,16.9009285714,80.0247142857
550,63,18.3078428571,83.4647142857
551,54,16.9985285714,79.9241428571
552,43,16.7726142857,70.7784428571
553,79,17.3640571429,74.8121857143
554,91,19.1745857143,68.3479714286
555,46,15.7371,69.7544
556,66,20.7580428571,58.6223142857
557,42,15.6287857143,75.5097
558,65,20.9004571429,71.2168571429
559,68,23.3246,53.1545
560,63,19.7298,77.4418714286
561,64,22.9001428571,68.3804714286
562,64,20.6040857143,74.3572142857
563,44,20.471242857100002,78.5995
564,56,20.2631428571,80.0628285714
565,90,21.4005571429,84.7167142857
566,62,19.3713142857,83.9193428571
567,87,20.9129857143,87.5879571429
568,66,19.6160571429,84.7227714286
569,56,20.9434428571,84.4039428571
570,58,22.3613571429,71.2608714286
571,81,22.8880142857,82.1992571429
572,79,22.1304714286,80.8895571429
573,57,22.1358,81.3701857143
574,74,21.8773,86.5090285714
575,73,21.9331857143,82.4273714286
576,92,20.8639,85.2718857143
577,103,21.0827285714,83.8411428571
578,137,24.9139571429,74.9031428571
579,133,21.8427714286,89.4117857143
580,114,24.1148,73.8544142857
581,147,24.1078,71.991
582,110,25.4376142857,67.6983571429
583,98,23.9478857143,67.8496428571
584,110,23.4559285714,68.1571142857
585,120,22.8587714286,82.5462714286
586,104,20.9255,85.9814
587,126,21.5759428571,82.3089571429
588,123,21.8875285714,84.3247857143
589,104,19.0617571429,82.312
590,88,20.3978285714,84.6372857143
591,87,19.4563142857,86.1532285714
592,90,18.5311857143,83.0949
593,108,19.2564714286,75.2601142857
594,70,16.8911,84.2864714286
595,49,18.6277857143,75.1310285714
596,49,17.7029857143,80.1931714286
597,31,18.1052428571,80.5746
598,25,14.6790285714,84.5020857143
599,18,16.1972571429,71.0995
600,15,17.1381571429,78.638
601,7,15.5401428571,83.9480571429
602,21,14.8722285714,79.4332857143
603,21,15.7395285714,73.7267714286
604,37,16.2920285714,79.9169428571
605,22,15.0873714286,72.5015714286
606,29,16.7898714286,71.4583285714
607,28,14.2988285714,77.2870571429
608,34,19.0458142857,69.6280714286
609,18,18.5333428571,77.6864
610,14,18.0402571429,73.5143428571
611,14,18.5099142857,77.4670571429
612,30,19.1613857143,74.4618142857
613,15,17.4127142857,78.1946714286
614,18,19.8891428571,68.0351571429
615,19,19.5554285714,76.7241714286
616,24,21.2745428571,78.5051714286
617,28,15.6028428571,76.2286571429
618,19,20.2407142857,81.0575285714
619,13,20.7756285714,84.1867
620,5,18.796814285700002,78.3690571429
621,7,20.8494714286,76.7533571429
622,2,19.7164,80.2732857143
623,0,21.6459428571,78.6793142857
624,0,22.574025,79.294025
